{"p_3": 0.3471314451706617, "p_5": 0.3237472766884531, "p_10": 0.28082788671023917, "ndcg_3": 0.40714880287345206, "ndcg_5": 0.4668343232596357, "ndcg_10": 0.6084509863018802, "diversity_3": 0.4178165093197781, "diversity_5": 0.5472040668119104, "diversity_10": 0.6919632050350989, "D_loss": 0.5432663559913635, "G_loss": 0.1938251107931137, "reward": 0.039727069437503815, "_runtime": 636, "_timestamp": 1631860801, "_step": 0}