{"p_3": 0.35221496005809805, "p_5": 0.3241830065359475, "p_10": 0.281481481481481, "ndcg_3": 0.41267849086528213, "ndcg_5": 0.46825517839962566, "ndcg_10": 0.6092039686397748, "diversity_3": 0.42386831275720266, "diversity_5": 0.550835148874365, "diversity_10": 0.692931493585087, "D_loss": 0.057969022542238235, "G_loss": 0.031473543494939804, "reward": 0.007109763100743294, "_runtime": 18516, "_timestamp": 1631878681, "_step": 16}